<?xml version="1.0" encoding="UTF-8"?>
<project-private xmlns="http://www.netbeans.org/ns/project-private/1">
    <editor-bookmarks xmlns="http://www.netbeans.org/ns/editor-bookmarks/2" lastBookmarkId="0"/>
    <open-files xmlns="http://www.netbeans.org/ns/projectui-open-files/2">
        <group>
            <file>file:/C:/Users/USER/Documents/NetBeansProjects/PIA_POO_Flip_7/src/mainPackage/Jugador.java</file>
            <file>file:/C:/Users/USER/Documents/NetBeansProjects/PIA_POO_Flip_7/src/mainPackage/SeleccionarJugadoresController.java</file>
            <file>file:/C:/Users/USER/Documents/NetBeansProjects/PIA_POO_Flip_7/src/mainPackage/JuegoPrincipalController.java</file>
            <file>file:/C:/Users/USER/Documents/NetBeansProjects/PIA_POO_Flip_7/src/mainPackage/Mazo.java</file>
            <file>file:/C:/Users/USER/Documents/NetBeansProjects/PIA_POO_Flip_7/src/mainPackage/JuegoLogica.java</file>
        </group>
    </open-files>
</project-private>
